<?xml version="1.0" encoding="UTF-8"?><?xml-stylesheet type='text/xsl' href='_UpgradeReport_Files/UpgradeReport.xslt'?><UpgradeLog>
<Properties><Property Name="Solution" Value="graphic_libs">
</Property><Property Name="Solution File" Value="C:\Lib\OpenCV\otherlibs\_graphics\src\graphic_libs.sln">
</Property><Property Name="Date" Value="Tuesday, March 16, 2010">
</Property><Property Name="Time" Value="2:13 AM">
</Property></Properties><Event ErrorLevel="0" Project="" Source="graphic_libs.sln" Description="File successfully backed up as C:\Lib\OpenCV\otherlibs\_graphics\src\graphic_libs.sln.old">
</Event><Event ErrorLevel="1" Project="libjpeg" Source="libjpeg\libjpeg.vcproj" Description="This application has been updated to include settings related to the User Account Control (UAC) feature of Windows Vista. By default, when run on Windows Vista with UAC enabled, this application is marked to run with the same privileges as the process that launched it. This marking also disables the application from running with virtualization. You can change UAC related settings from the Property Pages of the project.">
</Event><Event ErrorLevel="0" Project="libjpeg" Source="libjpeg\libjpeg.vcproj" Description="Project file successfully backed up as 'C:\Lib\OpenCV\otherlibs\_graphics\src\libjpeg\libjpeg.vcproj.8.00.old'.">
</Event><Event ErrorLevel="0" Project="libjpeg" Source="libjpeg\libjpeg.vcproj" Description="Project upgraded successfully.">
</Event><Event ErrorLevel="3" Project="libjpeg" Source="libjpeg\libjpeg.vcproj" Description="Converted">
</Event><Event ErrorLevel="1" Project="libpng" Source="libpng\libpng.vcproj" Description="This application has been updated to include settings related to the User Account Control (UAC) feature of Windows Vista. By default, when run on Windows Vista with UAC enabled, this application is marked to run with the same privileges as the process that launched it. This marking also disables the application from running with virtualization. You can change UAC related settings from the Property Pages of the project.">
</Event><Event ErrorLevel="0" Project="libpng" Source="libpng\libpng.vcproj" Description="Project file successfully backed up as 'C:\Lib\OpenCV\otherlibs\_graphics\src\libpng\libpng.vcproj.8.00.old'.">
</Event><Event ErrorLevel="0" Project="libpng" Source="libpng\libpng.vcproj" Description="Project upgraded successfully.">
</Event><Event ErrorLevel="3" Project="libpng" Source="libpng\libpng.vcproj" Description="Converted">
</Event><Event ErrorLevel="1" Project="libtiff" Source="libtiff\libtiff.vcproj" Description="This application has been updated to include settings related to the User Account Control (UAC) feature of Windows Vista. By default, when run on Windows Vista with UAC enabled, this application is marked to run with the same privileges as the process that launched it. This marking also disables the application from running with virtualization. You can change UAC related settings from the Property Pages of the project.">
</Event><Event ErrorLevel="0" Project="libtiff" Source="libtiff\libtiff.vcproj" Description="Project file successfully backed up as 'C:\Lib\OpenCV\otherlibs\_graphics\src\libtiff\libtiff.vcproj.8.00.old'.">
</Event><Event ErrorLevel="0" Project="libtiff" Source="libtiff\libtiff.vcproj" Description="Project upgraded successfully.">
</Event><Event ErrorLevel="3" Project="libtiff" Source="libtiff\libtiff.vcproj" Description="Converted">
</Event><Event ErrorLevel="1" Project="zlib" Source="zlib\zlib.vcproj" Description="This application has been updated to include settings related to the User Account Control (UAC) feature of Windows Vista. By default, when run on Windows Vista with UAC enabled, this application is marked to run with the same privileges as the process that launched it. This marking also disables the application from running with virtualization. You can change UAC related settings from the Property Pages of the project.">
</Event><Event ErrorLevel="0" Project="zlib" Source="zlib\zlib.vcproj" Description="Project file successfully backed up as 'C:\Lib\OpenCV\otherlibs\_graphics\src\zlib\zlib.vcproj.8.00.old'.">
</Event><Event ErrorLevel="0" Project="zlib" Source="zlib\zlib.vcproj" Description="Project upgraded successfully.">
</Event><Event ErrorLevel="3" Project="zlib" Source="zlib\zlib.vcproj" Description="Converted">
</Event><Event ErrorLevel="0" Project="" Source="graphic_libs.sln" Description="Solution converted successfully">
</Event><Event ErrorLevel="3" Project="" Source="graphic_libs.sln" Description="Converted">
</Event></UpgradeLog>